<?xml version="1.0" encoding="UTF-8"?>
<applet-app xmlns="http://java.sun.com/xml/ns/javacard"
            xmlns:xsi="http://www.w3.org/2001/XMLSchema-instance"
            xsi:schemaLocation="http://java.sun.com/xml/ns/javacard http://java.sun.com/xml/ns/javacard/applet-app_3_0.xsd"
            version="3.0">
    <applet>
        <display-name>Hello World</display-name>
        <applet-class>com.sun.jcclassic.samples.helloworld.HelloWorld</applet-class>
        <applet-AID>//aid/A000000062/03010C0101</applet-AID>
    </applet>
</applet-app>
